{
    "confusion_matrix": [
        [
            109,
            3
        ],
        [
            2,
            61
        ]
    ],
    "accuracy_score": 0.9714285714285714,
    "mean accuracy": 96.38243831640058,
    "standard deviation": 2.315054412940077
}