{
    "confusion_matrix": [
        [
            107,
            1
        ],
        [
            4,
            63
        ]
    ],
    "accuracy_score": 0.9714285714285714,
    "mean accuracy": 95.61320754716981,
    "standard deviation": 2.262618219812104
}